stotra	title	english	above	below	source	composer
gita/00dhyanam	गीताध्यानम्	Gita Dhyanam	श्रीमद्भगवद्गीता			
gita/chapter01	अर्जुनविषादयोगः	Arjuna Vishada Yoga	श्रीमद्भगवद्गीता	प्रथमोऽध्यायः		
gita/chapter02	साङ्ख्ययोगः	Sankhya Yoga	श्रीमद्भगवद्गीता	द्वितीयोऽध्यायः		
gita/chapter03	कर्मयोगः	Karma Yoga	श्रीमद्भगवद्गीता	तृतीयोऽध्यायः		
gita/chapter04	ज्ञानकर्मसन्न्यासयोगः	Jnana Karma Sannyasa Yoga	श्रीमद्भगवद्गीता	चतुर्थोऽध्यायः		
gita/chapter05	कर्मसन्न्यासयोगः	Karma Sannyasa Yoga	श्रीमद्भगवद्गीता	पञ्चमोऽध्यायः		
gita/chapter06	आत्मसंयमयोगः	Atma Samyama Yoga	श्रीमद्भगवद्गीता	षष्ठोऽध्यायः		
gita/chapter07	ज्ञानविज्ञानयोगः	Jnana Vijnana Yoga	श्रीमद्भगवद्गीता	सप्तमोऽध्यायः		
gita/chapter08	अक्षरब्रह्मयोगः	Akshara Brahma Yoga	श्रीमद्भगवद्गीता	अष्टमोऽध्यायः		
gita/chapter09	राजविद्याराजगुह्ययोगः	Raja Vidya Raja Guhya Yoga	श्रीमद्भगवद्गीता	नवमोऽध्यायः		
gita/chapter10	विभूतियोगः	Vibhuti Yoga	श्रीमद्भगवद्गीता	दशमोऽध्यायः		
gita/chapter11	विश्वरूपदर्शनयोगः	Vishvarupa Darshana Yoga	श्रीमद्भगवद्गीता	एकादशोऽध्यायः		
gita/chapter12	भक्तियोगः	Bhakti Yoga	श्रीमद्भगवद्गीता	द्वादशोऽध्यायः		
gita/chapter13	क्षेत्रक्षेत्रज्ञविभागयोगः	Kshetra Kshetrajna Vibhaga Yoga	श्रीमद्भगवद्गीता	त्रयोदशोऽध्यायः		
gita/chapter14	गुणत्रयविभागयोगः	Gunatraya Vibhaga Yoga	श्रीमद्भगवद्गीता	चतुर्दशोऽध्यायः		
gita/chapter15	पुरुषोत्तमयोगः	Purushottama Yoga	श्रीमद्भगवद्गीता	पञ्चदशोऽध्यायः		
gita/chapter16	दैवासुरसम्पद्विभागयोगः	Daivasura Sampad Vibhaga Yoga	श्रीमद्भगवद्गीता	षोडशोऽध्यायः		
gita/chapter17	श्रद्धात्रयविभागयोगः	Shraddhatraya Vibhaga Yoga	श्रीमद्भगवद्गीता	सप्तदशोऽध्यायः		
gita/chapter18	मोक्षसन्न्यासयोगः	Moksha Sannyasa Yoga	श्रीमद्भगवद्गीता	अष्टादशोऽध्यायः		
gita/19mahatmyam	गीतामाहात्म्यम्	Gita Mahatmyam	श्रीमद्भगवद्गीता			
gita/20varahamahatmyam	गीतामाहात्म्यम्	Gita Mahatmyam	श्रीमद्भगवद्गीता		Varaha Puranam	
gita/21gitarthasangraha	गीतार्थसङ्ग्रहः	Gitartha Sangraha				Yamunacharya
gita-padma/mahatmyam01	गीतामाहात्म्यम्	Gita Mahatmyam		प्रथमाध्यायमाहात्म्यम्	Padma Puranam	
gita-padma/mahatmyam02	गीतामाहात्म्यम्	Gita Mahatmyam		द्वितीयाध्यायमाहात्म्यम्	Padma Puranam	
gita-padma/mahatmyam03	गीतामाहात्म्यम्	Gita Mahatmyam		तृतीयाध्यायमाहात्म्यम्	Padma Puranam	
gita-padma/mahatmyam04	गीतामाहात्म्यम्	Gita Mahatmyam		चतुर्थाध्यायमाहात्म्यम्	Padma Puranam	
gita-padma/mahatmyam05	गीतामाहात्म्यम्	Gita Mahatmyam		पञ्चमाध्यायमाहात्म्यम्	Padma Puranam	
gita-padma/mahatmyam06	गीतामाहात्म्यम्	Gita Mahatmyam		षष्ठाध्यायमाहात्म्यम्	Padma Puranam	
gita-padma/mahatmyam07	गीतामाहात्म्यम्	Gita Mahatmyam		सप्तमाध्यायमाहात्म्यम्	Padma Puranam	
gita-padma/mahatmyam08	गीतामाहात्म्यम्	Gita Mahatmyam		अष्टमाध्यायमाहात्म्यम्	Padma Puranam	
gita-padma/mahatmyam09	गीतामाहात्म्यम्	Gita Mahatmyam		नवमाध्यायमाहात्म्यम्	Padma Puranam	
gita-padma/mahatmyam10	गीतामाहात्म्यम्	Gita Mahatmyam		दशमाध्यायमाहात्म्यम्	Padma Puranam	
gita-padma/mahatmyam11	गीतामाहात्म्यम्	Gita Mahatmyam		एकादशाध्यायमाहात्म्यम्	Padma Puranam	
gita-padma/mahatmyam12	गीतामाहात्म्यम्	Gita Mahatmyam		द्वादशाध्यायमाहात्म्यम्	Padma Puranam	
gita-padma/mahatmyam13	गीतामाहात्म्यम्	Gita Mahatmyam		त्रयोदशाध्यायमाहात्म्यम्	Padma Puranam	
gita-padma/mahatmyam14	गीतामाहात्म्यम्	Gita Mahatmyam		चतुर्दशाध्यायमाहात्म्यम्	Padma Puranam	
gita-padma/mahatmyam15	गीतामाहात्म्यम्	Gita Mahatmyam		पञ्चदशाध्यायमाहात्म्यम्	Padma Puranam	
gita-padma/mahatmyam16	गीतामाहात्म्यम्	Gita Mahatmyam		षोडशाध्यायमाहात्म्यम्	Padma Puranam	
gita-padma/mahatmyam17	गीतामाहात्म्यम्	Gita Mahatmyam		सप्तदशाध्यायमाहात्म्यम्	Padma Puranam	
gita-padma/mahatmyam18	गीतामाहात्म्यम्	Gita Mahatmyam		अष्टादशाध्यायमाहात्म्यम्	Padma Puranam	
