stotra	blurb
ekadashi/37unmilani	This chapter of the Padma Purāṇa, in the Anuṣṭubh metre, describes the Unmīlanī vrata and the merit of observing it with devotion.
ekadashi/38pakshavardhini	This chapter of the Padma Purāṇa, in the Anuṣṭubh metre, narrates the glory of the Pakṣavardhinī Ekādaśī.
ekadashi/39jagaranamahima	This chapter of the Padma Purāṇa, in the Anuṣṭubh metre, extols keeping vigil (jāgaraṇa) through the night of Ekādaśī and Dvādaśī.
ekadashi/40utpanna	This chapter of the Padma Purāṇa, in the Anuṣṭubh metre, tells how the Ekādaśī was born as a radiant maiden from Viṣṇu and slew the demon Mura — the origin of the Utpannā Ekādaśī of Mārgaśīrṣa.
ekadashi/41mokshada	This chapter of the Padma Purāṇa, in the Anuṣṭubh metre, narrates the Mokṣadā Ekādaśī of Mārgaśīrṣa, through whose merit King Vaikhānasa freed his father from suffering.
ekadashi/42saphala	This chapter of the Padma Purāṇa, in the Anuṣṭubh metre, narrates the Saphalā Ekādaśī of Pauṣa, which redeemed the wayward prince Lumpaka.
ekadashi/43putrada	This chapter of the Padma Purāṇa, in the Anuṣṭubh metre, narrates the Putradā Ekādaśī of Pauṣa, by whose observance King Suketumān was blessed with a son.
ekadashi/44shattila	This chapter of the Padma Purāṇa, in the Anuṣṭubh metre, narrates the Ṣaṭtilā Ekādaśī of Māgha, and the six ways of using sesame (tila) on that day.
ekadashi/45jaya	This chapter of the Padma Purāṇa, in the Anuṣṭubh metre, narrates the Jayā Ekādaśī of Māgha, which freed the Gandharvas Mālyavān and Puṣpavatī from a curse.
ekadashi/46vijaya	This chapter of the Padma Purāṇa, in the Anuṣṭubh metre, narrates the Vijayā Ekādaśī of Phālguna, observed by Śrī Rāma before crossing the ocean to Laṅkā.
ekadashi/47amalaki	This chapter of the Padma Purāṇa, in the Anuṣṭubh metre, narrates the Āmalakī Ekādaśī of Phālguna and the worship of the sacred āmalaka tree.
ekadashi/48papamochani	This chapter of the Padma Purāṇa, in the Anuṣṭubh metre, narrates the Pāpamocanī Ekādaśī of Caitra, which freed the sage Medhāvī and the apsaras Mañjughoṣā from their faults.
ekadashi/49kamada	This chapter of the Padma Purāṇa, in the Anuṣṭubh metre, narrates the Kāmadā Ekādaśī of Caitra, which released a Gandharva from a curse through his wife's observance.
ekadashi/50varuthini	This chapter of the Padma Purāṇa, in the Anuṣṭubh metre, narrates the Varūthinī Ekādaśī of Vaiśākha and the protection it bestows.
ekadashi/51mohini	This chapter of the Padma Purāṇa, in the Anuṣṭubh metre, narrates the Mohinī Ekādaśī of Vaiśākha, which redeemed the sinful Dhṛṣṭabuddhi.
ekadashi/52apara	This chapter of the Padma Purāṇa, in the Anuṣṭubh metre, narrates the Aparā Ekādaśī of Jyeṣṭha and the great merit it confers.
ekadashi/53nirjala	This chapter of the Padma Purāṇa, in the Anuṣṭubh metre, narrates the Nirjalā Ekādaśī of Jyeṣṭha — the waterless fast observed by Bhīma, equal in merit to all the Ekādaśīs of the year.
ekadashi/54yogini	This chapter of the Padma Purāṇa, in the Anuṣṭubh metre, narrates the Yoginī Ekādaśī of Āṣāḍha, which cured the gardener Hemamālī of his affliction.
ekadashi/55shayani	This chapter of the Padma Purāṇa, in the Anuṣṭubh metre, narrates the Śayanī Ekādaśī of Āṣāḍha, when Viṣṇu begins his yogic sleep.
ekadashi/56kamika	This chapter of the Padma Purāṇa narrates the Kāmikā Ekādaśī of Śrāvaṇa, and the merit of worshipping Viṣṇu with tulasī and lamps.
ekadashi/57putrada	This chapter of the Padma Purāṇa, in the Anuṣṭubh metre, narrates the Putradā Ekādaśī of Śrāvaṇa, by whose observance King Mahījit was blessed with a son.
ekadashi/58aja	This chapter of the Padma Purāṇa, in the Anuṣṭubh metre, narrates the Ajā Ekādaśī of Bhādrapada, through which King Hariścandra was freed from his trials.
ekadashi/59padma	This chapter of the Padma Purāṇa, in the Anuṣṭubh metre, narrates the Padmā (Parivartinī) Ekādaśī of Bhādrapada, when Viṣṇu turns in his sleep.
ekadashi/60indira	This chapter of the Padma Purāṇa, in the Anuṣṭubh metre, narrates the Indirā Ekādaśī of Āśvina, observed by King Indrasena for the sake of his departed father.
ekadashi/61pashankusha	This chapter of the Padma Purāṇa, in the Anuṣṭubh metre, narrates the Pāśāṅkuśā Ekādaśī of Āśvina and its power to free from the noose of sin.
ekadashi/62rama	This chapter of the Padma Purāṇa, in the Anuṣṭubh metre, narrates the Ramā Ekādaśī of Kārttika, and the story of Śobhana and Candrabhāgā.
ekadashi/63prabodhini	This chapter of the Padma Purāṇa, in the Anuṣṭubh metre, narrates the Prabodhinī Ekādaśī of Kārttika, when Viṣṇu awakens from his yogic sleep.
ekadashi/64kamala	This chapter of the Padma Purāṇa, in the Anuṣṭubh metre, narrates the Kamalā Ekādaśī of the bright fortnight of the Puruṣottama (adhika) month.
ekadashi/65parama	This chapter of the Padma Purāṇa, in the Anuṣṭubh metre, narrates the Paramā Ekādaśī of the dark fortnight of the Puruṣottama (adhika) month.
ekadashi/70dvadashi	This chapter of the Padma Purāṇa, in the Anuṣṭubh metre, describes the Śravaṇa-dvādaśī vrata — a single Dvādaśī whose observance brings great merit, for those unable to keep every fast.
kathas/kathas/pativratamahatymaparva	From the Mahābhārata, this is the Pativratā-māhātmya-parva — the story of Sāvitrī, whose devotion and wisdom won back the life of Satyavān from Yama. Narrated by Mārkaṇḍeya to Yudhiṣṭhira.
kathas/kathas/somavaravratakatha	From the Skanda Purāṇa, the Somavāra vrata-kathā describes the observance of Mondays in worship of Śiva, and the story of Sīmantinī.
kathas/kathas/syamantakopakhyanam	From the Skanda Purāṇa, the Syamantakopākhyānam tells the story of the Syamantaka jewel, recounted as part of the Gaṇeśa (Caturthī) vrata.
kathas/varalakshmi-vratam/varalakshmivratakathabhavishyapuranam	From the Bhaviṣyottara Purāṇa, the Varalakṣmī vrata-kathā, told by Śiva to Pārvatī, describes the vrata of Varalakṣmī and the blessings it brings.
stotras/big/gakaradiganapatisahasranamastotram	The Gakārādi Gaṇapati Sahasranāma — a thousand names of Gaṇapati, every one beginning with the syllable 'ga', taught by Śiva. From the Rudrayāmala, in the Anuṣṭubh metre.
stotras/big/kaishikapuranam	The Kaiśika Purāṇam, told by Lord Varāha to Bhūdevī, narrates how a devotee's singing in praise of the Lord redeemed a brahmarākṣasa.
stotras/big/lalitatrishati	The Lalitā Triśatī — three hundred names of Śrī Lalitā, in the Anuṣṭubh metre.
stotras/big/matribhutashatakam	The Mātṛbhūta Śatakam — a hundred verses on Śiva as Mātṛbhūteśvara, the Lord who came as a mother, largely in the Vasantatilakā metre.
stotras/big/sanksheparamayanam	The Saṅkṣepa Rāmāyaṇam — the whole story of Śrī Rāma in brief, as Nārada told it to Vālmīki at the beginning of the Rāmāyaṇa.
stotras/big/santanagopalastotram	The Santāna Gopāla Stotram, in the Anuṣṭubh metre, is a prayer to Śrī Kṛṣṇa as Gopāla for the blessing of children.
stotras/big/saraswatisahasranamastotram	The Sarasvatī Sahasranāma — a thousand names of Goddess Sarasvatī, taught by Sanatkumāra. From the Skanda Purāṇa, in the Anuṣṭubh metre.
stotras/big/shivasahasranamastotram	The Śiva Sahasranāma from the Mahābhārata — a thousand names of Śiva, taught by the sage Upamanyu, in the Anuṣṭubh metre.
stotras/big/shivasahasranamastotramvishnukrtam	The Śiva Sahasranāma from the Liṅga Purāṇa, with which Viṣṇu worshipped Śiva — offering a lotus for each name — and received the Sudarśana cakra.
stotras/big/suryasahasranamastotram	The Sūrya Sahasranāma — a thousand names of the Sun god, from the Bhaviṣya Purāṇa, in the Anuṣṭubh metre.
stotras/big/vakratundamahaganapatisahasranamastotram	The Vakratuṇḍa Mahāgaṇapati Sahasranāma — a thousand names of Gaṇeśa, from the Gaṇeśa Purāṇa.
stotras/dhyanam/dhyanam	A short collection of dhyāna ślokas — meditative verses recited at the beginning of prayer and study.
stotras/dhyanam/dhyanashloka	A collection of dhyāna ślokas on the deities — verses for meditation before worship.
stotras/dhyanam/guruparampara	Verses in praise of the lineage of Gurus, from Nārāyaṇa and Brahmā through Vasiṣṭha, Vyāsa and Śuka to Śaṅkara.
stotras/dhyanam/mahabharatadhyanam	Dhyāna ślokas for the Mahābhārata — invocatory verses recited before reading the epic.
stotras/dhyanam/nityashloka	Verses for daily recitation, including the remembrance of the Cirañjīvīs — Aśvatthāmā, Bali, Vyāsa, Hanumān, Vibhīṣaṇa, Kṛpa and Paraśurāma.
stotras/dhyanam/parabrahmapratahsmaranam	A morning remembrance (prātaḥ-smaraṇa) of the Supreme Self, in the Vasantatilakā metre.
stotras/dhyanam/ramayanadhyanam	Dhyāna ślokas for the Rāmāyaṇa — invocatory verses recited before reading the epic.
stotras/dhyanam/saraswatiprarthana	A short prayer to Goddess Sarasvatī for learning and wisdom.
stotras/dhyanam/vigneshwaraprarthana	A short prayer to Vighneśvara (Gaṇeśa) to remove obstacles before any undertaking.
stotras/ganesha/ganapatistava	The Gaṇapati Stava, attributed to the sage Garga, in the Bhujaṅgaprayāta metre, praises Gaṇapati as the formless, changeless Supreme.
stotras/ganesha/ganashtakam	The Gaṇāṣṭakam — eight verses on Gaṇeśa, in the Anuṣṭubh metre.
stotras/ganesha/ganeshabhujangam	This is a beautiful stotra on Ganesha, composed by Adi Shankaracharya, in the Bhujaṅgaprayātam metre. The verse extols the form of Ganesha, and also His formless nature!
stotras/ganesha/mahaganapatinavarnavedapadastava	The Mahāgaṇapati Navārṇa-vedapāda Stava — a hymn to Mahāgaṇapati, in the Anuṣṭubh metre.
stotras/ganesha/mahaganeshapancharatnam	The Mahāgaṇeśa Pañcaratnam — five jewel-like verses on Gaṇeśa, composed by Ādi Śaṅkarācārya in the Pañcacāmara metre, beginning 'mudākarātta-modakam'.
stotras/guru/kanchikamakotiguruparamparastava	A hymn in praise of the Guru-paramparā of the Kāñcī Kāmakoṭi Pīṭha.
stotras/guru/vyasashtakam	The Vyāsāṣṭakam — eight verses in praise of Veda Vyāsa, in the Anuṣṭubh metre.
stotras/hanuman/apaduddharakadwadashamukhahanumanstotram	The Āpaduddhāraka Dvādaśamukha Hanumān Stotram — a hymn to twelve-faced Hanumān, the remover of distress, spoken by Vibhīṣaṇa. From the Sudarśana Saṁhitā.
stotras/hanuman/hanumatpancharatnam	The Hanumat Pañcaratnam — five verses on Hanumān, composed by Ādi Śaṅkarācārya.
stotras/hanuman/sundarahanumanmahamantranamastotram	The Sundara-Hanumān Mahāmantra-nāma Stotram — names of Hanumān, in the Anuṣṭubh metre.
stotras/krishna/achyutashtakam	The Acyutāṣṭakam — eight verses on Śrī Kṛṣṇa, composed by Ādi Śaṅkarācārya in the Sragviṇī metre, beginning 'acyutaṁ keśavaṁ rāma-nārāyaṇam'.
stotras/krishna/akrurakrtadashavatarastuti	Akrūra's praise of the ten avatāras of Viṣṇu, in the Anuṣṭubh metre.
stotras/krishna/balamukundashtakam	The Bālamukundāṣṭakam — eight verses on the child Kṛṣṇa, beginning with the beloved image of the babe who places his lotus-foot in his lotus-mouth.
stotras/krishna/balaraksha	The Bālarakṣā — protective verses for the child Kṛṣṇa.
stotras/krishna/bhishmastavaraja	The Bhīṣma Stavarāja — the 'king of hymns' sung by Bhīṣma to Śrī Kṛṣṇa from his bed of arrows. From the Mahābhārata.
stotras/krishna/bhishmastuti	The Bhīṣma Stuti from the Śrīmad Bhāgavatam — Bhīṣma's final praise of Śrī Kṛṣṇa from his bed of arrows.
stotras/krishna/damodarashtakam	The Dāmodarāṣṭakam, from the Padma Purāṇa, in the Bhujaṅgaprayāta metre, celebrates the child Kṛṣṇa bound to the mortar by Yaśodā.
stotras/krishna/dhruvakrtabhagavatstavam	Dhruva's praise of the Lord, from the Śrīmad Bhāgavatam, in the Vasantatilakā metre — sung when Viṣṇu appeared before the child devotee.
stotras/krishna/govindashtakam	The Govindāṣṭakam — eight verses on Śrī Kṛṣṇa as Govinda, composed by Ādi Śaṅkarācārya.
stotras/krishna/guruvatapurishapancharatnam	The Guruvātapurīśa Pañcaratnam — five verses on the Lord of Guruvāyūr, composed by Anantarāma Dīkṣita.
stotras/krishna/krishnadwadashanamastotram	The Kṛṣṇa Dvādaśa-nāma Stotram — twelve names of Śrī Kṛṣṇa, from the Mahābhārata, in the Anuṣṭubh metre.
stotras/krishna/krishnajananam	Verses describing the birth of Śrī Kṛṣṇa at midnight.
stotras/krishna/krishnanamamahatmyam	From the Skanda Purāṇa, on the greatness of chanting the names of Śrī Kṛṣṇa, in the Anuṣṭubh metre.
stotras/krishna/krishnashtakam1	A Kṛṣṇāṣṭakam — eight verses composed by Ādi Śaṅkarācārya in the Śikhariṇī metre.
stotras/krishna/krishnashtakam2	A Kṛṣṇāṣṭakam — eight verses on Śrī Kṛṣṇa, composed by Ādi Śaṅkarācārya.
stotras/krishna/krishnashtakam3	The popular Kṛṣṇāṣṭakam — 'vasudeva-sutaṁ devam' — eight verses ending 'kṛṣṇaṁ vande jagadgurum', in the Anuṣṭubh metre.
stotras/krishna/madhurashtakam	The Madhurāṣṭakam — Vallabhācārya's celebration of everything about Śrī Kṛṣṇa as sweet: 'adharaṁ madhuraṁ vadanaṁ madhuram…'
stotras/krishna/narayanakeshadipadantavarnanam	A description of Nārāyaṇa from head to foot, in the Sragdharā metre, from the Nārāyaṇīyam.
stotras/krishna/vatapuranathaashtakam	The Vātapuranāthāṣṭakam — eight verses on Śrī Kṛṣṇa, the Lord of Guruvāyūr.
stotras/lakshmi/kanakadharastavam	The Kanakadhārā Stavam — composed by Ādi Śaṅkarācārya in the Vasantatilakā metre, at whose recitation Goddess Lakṣmī is said to have showered golden fruits on a poor household.
stotras/lakshmi/lakshmistotram	Indra's praise of Goddess Lakṣmī, from the Viṣṇu Purāṇa, in the Anuṣṭubh metre.
stotras/lakshmi/mahalakshmistuti	Agastya's praise of Goddess Mahālakṣmī, largely in the Vasantatilakā metre.
stotras/lakshmi/mahalakshmyashtakam	The Mahālakṣmyaṣṭakam — eight verses on Goddess Mahālakṣmī, spoken by Indra, from the Padma Purāṇa, in the Anuṣṭubh metre.
stotras/nadi/gangakarshanashtakam	The Gaṅgākarṣaṇāṣṭakam — eight verses in the Indravajrā metre.
stotras/nadi/gangashtakam	The Gaṅgāṣṭakam — eight verses in praise of the holy river Gaṅgā.
stotras/nadi/gangastuti	A hymn to the Gaṅgā, recited on Gaṅgā Daśaharā.
stotras/nadi/kaveriprarthana	A short prayer to the river Kāverī, in the Anuṣṭubh metre.
stotras/nadi/narmadashtakam	The Narmadāṣṭakam — composed by Ādi Śaṅkarācārya in the Pañcacāmara metre, with its flowing refrain 'tvadīya pāda-paṅkajaṁ namāmi devi narmade'.
stotras/nadi/trivenistotram	A hymn to the Triveṇī, the confluence of the Gaṅgā, Yamunā and Sarasvatī.
stotras/nadi/yamunashtakam	The Yamunāṣṭakam — eight verses in praise of the river Yamunā.
stotras/navagraha/adityahrdayam	The Āditya Hṛdayam — the hymn to the Sun that the sage Agastya taught Śrī Rāma on the battlefield before his final battle with Rāvaṇa. From the Śrīmad Rāmāyaṇa, in the Anuṣṭubh metre.
stotras/navagraha/angarakastotram	A hymn to Aṅgāraka (Mars), from the Skanda Purāṇa, in the Anuṣṭubh metre.
stotras/navagraha/brihaspatistotram	A hymn to Bṛhaspati (Jupiter), from the Skanda Purāṇa, in the Anuṣṭubh metre.
stotras/navagraha/budhapanchavimshatinamastotram	Twenty-five names of Budha (Mercury), from the Padma Purāṇa, in the Anuṣṭubh metre.
stotras/navagraha/chandraashtavimshatinamastotram	Twenty-eight names of Candra (the Moon), in the Anuṣṭubh metre.
stotras/navagraha/chandragrahanapidapariharashlokam	A verse recited to ward off the afflictions of a lunar eclipse.
stotras/navagraha/dwadasharyasuryastuti	A hymn to Sūrya in twelve forms, one for each Āditya.
stotras/navagraha/ketupanchavimshatinamastotram	Twenty-five names of Ketu, from the Skanda Purāṇa, in the Anuṣṭubh metre.
stotras/navagraha/navagrahamangalashtakam	The Navagraha Maṅgalāṣṭakam — eight auspicious verses on the nine planets, in the Śārdūlavikrīḍita metre.
stotras/navagraha/navagrahapidaharastotram	A hymn to the nine planets to relieve their afflictions, attributed to Veda Vyāsa, from the Brahmāṇḍa Purāṇa, in the Anuṣṭubh metre.
stotras/navagraha/navagrahastotram	The popular Navagraha Stotram of Veda Vyāsa — one verse for each of the nine planets, beginning with Sūrya ('japā-kusuma-saṅkāśam'), in the Anuṣṭubh metre.
stotras/navagraha/rahupanchavimshatinamastotram	Twenty-five names of Rāhu, from the Skanda Purāṇa, in the Anuṣṭubh metre.
stotras/navagraha/shanaishcharaashtakamdasharatha	The Śanaiścara Aṣṭakam of King Daśaratha — his prayer to Śani.
stotras/navagraha/shukrachaturvimshatinamastotram	Twenty-four names of Śukra (Venus), from the Skanda Purāṇa, in the Anuṣṭubh metre.
stotras/navagraha/suryagrahanapidapariharashlokam	A verse recited to ward off the afflictions of a solar eclipse.
stotras/navagraha/suryakavacham	The Sūrya Kavacam — a protective armour of verses addressed to the Sun, attributed to Yājñavalkya, in the Anuṣṭubh metre.
stotras/navagraha/suryamandalastotram	The Sūrya Maṇḍala Stotram, from the Bhaviṣya Purāṇa, in praise of the orb of the Sun.
stotras/navagraha/suryapratahsmaranastotram	A morning remembrance (prātaḥ-smaraṇa) of the Sun, in the Vasantatilakā metre.
stotras/navagraha/suryaryastotram	A hymn to the Sun.
stotras/navagraha/suryastavaraja	Sāmba's hymn to the Sun — the 'king of hymns' to Sūrya, in the Anuṣṭubh metre.
stotras/navagraha/suryastuti	A hymn to the Sun, in the Anuṣṭubh metre.
stotras/other/avaidhavyaprarthanastotram	A prayer to the Goddess for marital welfare, in the Anuṣṭubh metre.
stotras/other/kalidoshanivaranastotram	A verse recited to remove the afflictions of Kali, remembering Karkoṭaka, Damayantī, Nala and Ṛtuparṇa.
stotras/other/kartaviryarjunastotram	A hymn to King Kārtavīryārjuna of the thousand arms, recited to recover what is lost, in the Anuṣṭubh metre.
stotras/other/yamabhayanivaranastotram	A verse to dispel the fear of Yama.
stotras/other/yamashtakam	The Yamāṣṭakam — Sāvitrī's hymn to Yama, from the Brahmavaivarta Purāṇa, in the Anuṣṭubh metre.
stotras/purti/kshamaprarthana	A prayer for forgiveness (kṣamā-prārthanā), recited at the end of worship.
stotras/rama/ahalyakrtaramastotram	Ahalyā's praise of Śrī Rāma, after she was freed by the touch of his feet.
stotras/rama/apaduddharanastotram	The Āpaduddhāraṇa Stotram — a prayer to Śrī Rāma, the remover of all distress, in the Anuṣṭubh metre.
stotras/rama/brahmakrtaramastava	Brahmā's praise of Śrī Rāma, in the Anuṣṭubh metre.
stotras/rama/devaihkrtaramastotram	The praise of Śrī Rāma by the gods at his coronation.
stotras/rama/ekashlokiramayanam	The Ekaślokī Rāmāyaṇam — the whole Rāmāyaṇa in a single verse.
stotras/rama/gayatriramayanam	The Gāyatrī Rāmāyaṇam — twenty-four verses of Vālmīki's Rāmāyaṇa, one for each syllable of the Gāyatrī mantra, in the Anuṣṭubh metre.
stotras/rama/munikrtaramastotram	The praise of Śrī Rāma by the sages, from the Skanda Purāṇa, in the Anuṣṭubh metre.
stotras/rama/ramabhujangaprayatastotram	A hymn to Śrī Rāma composed by Ādi Śaṅkarācārya in the Bhujaṅgaprayāta metre, beginning with Rāma as the pure, supreme Sat-cit-ānanda.
stotras/rama/ramadwadashanamastotram	Twelve names of Śrī Rāma, taught by Śiva, from the Skanda Purāṇa, in the Anuṣṭubh metre.
stotras/rama/ramarakshastotram	The Rāmarakṣā Stotram of Budha Kauśika — a protective hymn to Śrī Rāma, beloved for its many-coloured names of Rāma.
stotras/rama/ramashtakam	The Rāmāṣṭakam, attributed to Veda Vyāsa, in the Pramāṇikā metre, beginning 'bhaje viśeṣa-sundaram'.
stotras/rama/ramastava	Śiva's praise of Śrī Rāma.
stotras/rama/ramastavarajastotram	The Rāma Stavarāja — the 'king of hymns' to Śrī Rāma, taught by Nārada, in the Anuṣṭubh metre.
stotras/rama/sitaramastotram	The Sītā-Rāma Stotram, attributed to Hanumān, in the Anuṣṭubh metre — every verse praises Rāma and Sītā together.
stotras/rama/vivahamangalashtakam	The Vivāha Maṅgalāṣṭakam — eight auspicious verses recited at weddings.
stotras/saraswati/saraswatistotramagastya	Agastya's hymn to Goddess Sarasvatī, beginning with the well-known 'yā kundendu-tuṣāra-hāra-dhavalā', in the Anuṣṭubh metre.
stotras/saraswati/saraswatistotrambrahma	Brahmā's hymn to Goddess Sarasvatī, in the Sragdharā metre.
stotras/saraswati/saraswatistotrambrihaspati	Bṛhaspati's hymn to Goddess Sarasvatī, in the Anuṣṭubh metre.
stotras/saraswati/sharadabhujangaprayataashtakam	The Śāradā Bhujaṅgaprayātāṣṭakam — eight verses on Goddess Śāradā, composed by Ādi Śaṅkarācārya in the Bhujaṅgaprayāta metre.
stotras/saraswati/sharadaprarthana	A prayer to Goddess Śāradā, who dwells in Kāśmīra, attributed to Ādi Śaṅkarācārya, in the Anuṣṭubh metre.
stotras/saraswati/vanistavanam	A hymn in praise of Vāṇī (Sarasvatī), in the Anuṣṭubh metre.
stotras/shakti/annapurnastotram	The Annapūrṇā Stotram — composed by Ādi Śaṅkarācārya in the Śārdūlavikrīḍita metre, with the refrain 'bhikṣāṁ dehi kṛpāvalambana-karī mātā'nnapūrṇeśvarī'.
stotras/shakti/arjunakrtadurgastuti	Arjuna's hymn to Goddess Durgā before the battle of Kurukṣetra, from the Mahābhārata, in the Anuṣṭubh metre.
stotras/shakti/durgachandrakalastuti	The Durgā Candrakalā Stuti — a hymn to Goddess Durgā, in the Vasantatilakā metre, whose colophon attributes it to Appayya Dīkṣita.
stotras/shakti/durgapancharatnam	The Durgā Pañcaratnam — five verses on Goddess Durgā, composed by Śrī Candraśekharendra Sarasvatī.
stotras/shakti/durgastotram	A hymn to Goddess Durgā spoken by Śrī Kṛṣṇa, from the Brahmavaivarta Purāṇa, in the Anuṣṭubh metre.
stotras/shakti/gauridashakam	The Gaurī Daśakam — ten verses in praise of Goddess Gaurī.
stotras/shakti/gayatristotram	A hymn to Goddess Gāyatrī, beginning with her meditative form of five faces, in the Anuṣṭubh metre.
stotras/shakti/kalyanavrishtistotram	The Kalyāṇavṛṣṭi Stotram — verses to Goddess Lalitā that 'shower auspiciousness', composed by Ādi Śaṅkarācārya.
stotras/shakti/kamakshimahatmyam	The glory of Kāmākṣī of Kāñcī, from the Kāmākṣī Vilāsa, in the Anuṣṭubh metre.
stotras/shakti/kamakshistotram	A hymn to Goddess Kāmākṣī of Kāñcī, in the Śārdūlavikrīḍita metre.
stotras/shakti/kamakshisuprabhatam	The Kāmākṣī Suprabhātam — morning verses awakening Goddess Kāmākṣī, composed by Lakṣmīkānta Śarmā.
stotras/shakti/lalitapancharatnam	The Lalitā Pañcaratnam — five morning verses on Goddess Lalitā, composed by Ādi Śaṅkarācārya in the Vasantatilakā metre.
stotras/shakti/mahishasuramardinistotram	The Mahiṣāsuramardinī Stotram — the rhythmic hymn 'ayi giri-nandini' to the Goddess who slew Mahiṣāsura.
stotras/shakti/minakshipancharatnam	The Mīnākṣī Pañcaratnam — five verses on Goddess Mīnākṣī of Madurai, composed by Ādi Śaṅkarācārya in the Śārdūlavikrīḍita metre.
stotras/shakti/mukapanchashati10	Verses from the Mūka Pañcaśatī — five hundred verses on Goddess Kāmākṣī by the poet Mūka.
stotras/shakti/mukasarah	The Mūkasāra — selected verses from the Mūka Pañcaśatī on Goddess Kāmākṣī of Kāñcī.
stotras/shakti/parashuramakrtadurgastotram	Paraśurāma's hymn to Goddess Durgā, in the Anuṣṭubh metre.
stotras/shakti/shashthidevistotram	A hymn to Goddess Ṣaṣṭhī, protector of children, spoken by King Priyavrata. From the Brahmavaivarta Purāṇa, in the Anuṣṭubh metre.
stotras/shakti/shitalashtakam	The Śītalāṣṭakam — a hymn to Goddess Śītalā, from the Skanda Purāṇa, in the Anuṣṭubh metre.
stotras/shakti/tripurasundaryashtakam	The Tripurasundarī Aṣṭakam — eight verses on Goddess Tripurasundarī, in the Pṛthvī metre, beginning 'kadamba-vana-cāriṇīm'.
stotras/shakti/yudhishthirakrtadurgastotram	Yudhiṣṭhira's hymn to Goddess Durgā, from the Mahābhārata, in the Anuṣṭubh metre.
stotras/shasta/hariharatmajashtakam	The Hariharātmajāṣṭakam — the beloved 'harivarāsanam', sung to Lord Śāstā (Ayyappa) at the close of worship.
stotras/shasta/shastadashakam	The Śāstā Daśakam — ten verses on Lord Śāstā, in the Anuṣṭubh metre.
stotras/shatanama/adityaashtottarashatanamastotram	108 names of Āditya (the Sun), from the Bhaviṣya Purāṇa, in the Anuṣṭubh metre.
stotras/shatanama/anjaneyaashtottarashatanamastotram	108 names of Āñjaneya (Hanumān), in the Anuṣṭubh metre.
stotras/shatanama/annapurnaashtottarashatanamastotram	108 names of Goddess Annapūrṇā, from the Śiva Rahasya, in the Anuṣṭubh metre.
stotras/shatanama/ardhanarishvaraashtottarashatanamastotram	108 names of Ardhanārīśvara — Śiva and Pārvatī as one — in the Anuṣṭubh metre.
stotras/shatanama/dhanvantariashtottarashatanamastotram	108 names of Dhanvantari, the divine physician, in the Anuṣṭubh metre.
stotras/shatanama/durgaashtottarashatanamastotram	108 names of Goddess Durgā, in the Anuṣṭubh metre.
stotras/shatanama/ganapatiashtottarashatanamastotram	108 names of Gaṇapati, from the Gaṇeśa Purāṇa, in the Anuṣṭubh metre.
stotras/shatanama/ganapatigakaraashtottarashatanamastotram	108 names of Gaṇapati, each beginning with the syllable 'ga', in the Anuṣṭubh metre.
stotras/shatanama/ganeshaashtottarashatanamastotram	108 names of Gaṇeśa, in the Anuṣṭubh metre.
stotras/shatanama/gangaashtottarashatanamastotram	108 names of Goddess Gaṅgā, in the Anuṣṭubh metre.
stotras/shatanama/gauriashtottarashatanamastotram	108 names of Goddess Gaurī, in the Anuṣṭubh metre.
stotras/shatanama/godaashtottarashatanamastotram	108 names of Goda (Āṇḍāḷ), in the Anuṣṭubh metre.
stotras/shatanama/hariharaashtottarashatanamastotram	108 names of Harihara — Viṣṇu and Śiva as one — from the Skanda Purāṇa.
stotras/shatanama/hariharaputraashtottarashatanamastotram	108 names of Hariharaputra (Śāstā), in the Anuṣṭubh metre.
stotras/shatanama/hayagrivaashtottarashatanamastotram	108 names of Hayagrīva, the Lord of learning, in the Anuṣṭubh metre.
stotras/shatanama/karttikeyaashtottarashatanamastotram	108 names of Kārttikeya, in the Anuṣṭubh metre.
stotras/shatanama/krishnaashtottarashatanamastotram	108 names of Śrī Kṛṣṇa, from the Brahmāṇḍa Purāṇa, in the Anuṣṭubh metre.
stotras/shatanama/lakshmiashtottarashatanamastotram	108 names of Goddess Lakṣmī, taught by Śiva, in the Anuṣṭubh metre.
stotras/shatanama/lakshminarayanaashtottarashatanamastotram	108 names of Lakṣmī-Nārāyaṇa, in the Anuṣṭubh metre.
stotras/shatanama/nrisimhaashtottarashatanamastotram	108 names of Nṛsiṁha, in the Anuṣṭubh metre.
stotras/shatanama/ramaashtottarashatanamastotram	108 names of Śrī Rāma, from the Padma Purāṇa, in the Anuṣṭubh metre, with a dhyāna verse in the Vasantatilakā metre.
stotras/shatanama/saraswatiashtottarashatanamastotram	108 names of Goddess Sarasvatī, in the Anuṣṭubh metre.
stotras/shatanama/shaktiashtottarashatadivyasthaniyanamastotram	108 sacred places of the Goddess and her names there, from the Matsya Purāṇa, in the Anuṣṭubh metre.
stotras/shatanama/shankaracharyaashtottarashatanamastotram	108 names of Ādi Śaṅkarācārya, in the Anuṣṭubh metre.
stotras/shatanama/shivaashtottarashatadivyasthaniyanamastotram	108 sacred places of Śiva and his names there, from the Lalitāgama, in the Anuṣṭubh metre.
stotras/shatanama/shivaashtottarashatanamastotram	108 names of Śiva, in the Anuṣṭubh metre.
stotras/shatanama/sitaashtottarashatanamastotram	108 names of Goddess Sītā, from the Ānanda Rāmāyaṇa, in the Anuṣṭubh metre.
stotras/shatanama/subrahmanyaashtottarashatanamastotram	108 names of Subrahmaṇya, in the Anuṣṭubh metre.
stotras/shatanama/suryaashtottarashatanamastotram	108 names of the Sun, taught by Dhaumya to Yudhiṣṭhira in the Mahābhārata, in the Anuṣṭubh metre.
stotras/shatanama/tulasiashtottarashatanamastotram	108 names of Tulasī, in the Anuṣṭubh metre.
stotras/shatanama/venkateshaashtottarashatanamastotram	108 names of Lord Veṅkaṭeśa, in the Anuṣṭubh metre.
stotras/shatanama/vishnuashtottarashatadivyasthaniyanamastotram	108 sacred places of Viṣṇu and his names there, in the Anuṣṭubh metre.
stotras/shatanama/vyasaashtottarashatanamastotram	108 names of Veda Vyāsa, in the Anuṣṭubh metre.
stotras/shiva/ardhanarishwarastotram	The Ardhanārīśvara Stotram — Ādi Śaṅkarācārya's verses on Śiva and Pārvatī as one form, each line contrasting the two halves.
stotras/shiva/bilvashtakam	The Bilvāṣṭakam — eight verses on offering the three-leaved bilva to Śiva, in the Anuṣṭubh metre.
stotras/shiva/charanashringarahitanatarajastotram	The Caraṇaśṛṅgarahita Naṭarāja Stotram of Patañjali — a hymn to the dancing Śiva composed without a single long vowel.
stotras/shiva/dakshinamurtistotram	The Dakṣiṇāmūrti Stotram of Ādi Śaṅkarācārya.
stotras/shiva/dakshinamurtistotramsamarapungavadikshitakrtam	A Dakṣiṇāmūrti Stotram composed by Samara-puṅgava Dīkṣita.
stotras/shiva/dakshinamurtistotramvrishabhadevakrtam	A Dakṣiṇāmūrti Stotram composed by Vṛṣabhadeva.
stotras/shiva/dakshinamurtyashtakam	The Dakṣiṇāmūrti Aṣṭakam of Ādi Śaṅkarācārya, in the Śārdūlavikrīḍita metre — Advaita in eight verses, beginning 'viśvaṁ darpaṇa-dṛśyamāna-nagarī-tulyam'.
stotras/shiva/gurvashtakam	The Gurvaṣṭakam of Ādi Śaṅkarācārya, in the Bhujaṅgaprayāta metre — whatever else one has, of what use is it, if the mind is not fixed on the Guru's feet?
stotras/shiva/kalabhairavashtakam	The Kālabhairavāṣṭakam — eight verses on Kālabhairava, the Lord of Kāśī.
stotras/shiva/lingashtakam	The Liṅgāṣṭakam — eight verses on the Śiva-liṅga, beginning 'brahma-murāri-surārcita-liṅgam'.
stotras/shiva/margabandhustotram	The Mārgabandhu Stotram of Appayya Dīkṣita — a prayer to Śiva, the companion of travellers.
stotras/shiva/rudrastotram	The Rudra Stotram from the Mahābhārata, in the Anuṣṭubh metre.
stotras/shiva/sadashivashtakam	The Sadāśivāṣṭakam, attributed to Patañjali, from the Hālāsya Māhātmya — on Śiva at Madurai.
stotras/shiva/shambhustuti	Śrī Rāma's praise of Śiva, from the Padma Purāṇa, in the Upajāti metre.
stotras/shiva/shivamahimnastotram	The Śiva Mahimnaḥ Stotram of Puṣpadanta — one of the most celebrated hymns to Śiva, in the Śikhariṇī metre.
stotras/shiva/shivamanasapuja	The Śiva Mānasa-pūjā of Ādi Śaṅkarācārya — worship of Śiva performed entirely in the mind, in the Śārdūlavikrīḍita metre.
stotras/shiva/shivapanchaksharastotram	The Śiva Pañcākṣara Stotram of Ādi Śaṅkarācārya — five verses, one for each syllable of 'na-maḥ-śi-vā-ya'.
stotras/shiva/shivaparadhakshamapanastotram	The Śivāparādha-kṣamāpaṇa Stotram of Ādi Śaṅkarācārya — a prayer to Śiva for forgiveness of faults across a lifetime, in the Sragdharā metre.
stotras/shiva/shivapratahsmaranastotram	A morning remembrance (prātaḥ-smaraṇa) of Śiva, in the Vasantatilakā metre.
stotras/shiva/shivarakshastotram	The Śivarakṣā Stotram, attributed to Yājñavalkya — a protective hymn to Śiva, in the Anuṣṭubh metre.
stotras/shiva/shivashivaastuti	The Śiva-Śivā Stuti — a hymn to Śiva and Pārvatī.
stotras/shiva/totakashtakam	The Toṭakāṣṭakam — Toṭakācārya's praise of his Guru, Ādi Śaṅkarācārya, in the Toṭaka metre that bears his name.
stotras/shiva/umamaheshwarastotram	The Umāmaheśvara Stotram of Ādi Śaṅkarācārya — salutations to Śiva and Pārvatī together, 'namaḥ śivābhyām'.
stotras/shiva/vaidyanathashtakam	The Vaidyanāthāṣṭakam — eight verses on Śiva as Vaidyanātha, the divine healer.
stotras/subrahmanya/guhapancharatnam	The Guha Pañcaratnam — five verses on Lord Subrahmaṇya (Guha), in the Anuṣṭubh metre.
stotras/subrahmanya/prajnavivardhanakarttikeyastotram	A hymn to Kārttikeya for the growth of wisdom (prajñā), in the Anuṣṭubh metre.
stotras/subrahmanya/subrahmanyaashtakam	The Subrahmaṇyāṣṭakam — 'he svāminātha karuṇākara dīnabandho' — eight verses on Lord Subrahmaṇya.
stotras/subrahmanya/subrahmanyabhujangam	The Subrahmaṇya Bhujaṅgam of Ādi Śaṅkarācārya, in the Bhujaṅgaprayāta metre, composed at Tiruchendur.
stotras/subrahmanya/subrahmanyabhujangamparamashivendrakrtam	A Subrahmaṇya Bhujaṅgam composed by Śrī Paramaśivendra Sarasvatī, in the Bhujaṅgaprayāta metre.
stotras/subrahmanya/subrahmanyapancharatnam	The Subrahmaṇya Pañcaratnam — five verses on Lord Subrahmaṇya.
stotras/subrahmanya/subrahmanyashodashanamastotram	Sixteen names of Lord Subrahmaṇya, from the Śaṅkara Saṁhitā, in the Anuṣṭubh metre.
stotras/venkatesha/venkateshaashtakam	The Veṅkaṭeśa Aṣṭakam, spoken by Brahmā, from the Brahmāṇḍa Purāṇa, in the Anuṣṭubh metre.
stotras/venkatesha/venkateshadwadashanamastotram	Twelve names of Lord Veṅkaṭeśa.
stotras/venkatesha/venkateshakaravalambastotram	The Veṅkaṭeśa Karāvalamba Stotram of Śrī Nṛsiṁha Bhāratī — seeking the Lord's supporting hand, in the Vasantatilakā metre.
stotras/venkatesha/venkateshamangalashasanam	The Veṅkaṭeśa Maṅgalāśāsanam — auspicious verses concluding the morning worship of Lord Veṅkaṭeśa.
stotras/venkatesha/venkateshaprapatti	The Veṅkaṭeśa Prapatti — verses of surrender at the feet of Lord Veṅkaṭeśa, in the Vasantatilakā metre.
stotras/venkatesha/venkateshastotram	A hymn to Lord Veṅkaṭeśa in the Toṭaka metre, beginning 'kamalā-kuca-cūcuka-kuṅkumataḥ'.
stotras/venkatesha/venkateshasuprabhatam	The Veṅkaṭeśa Suprabhātam — the morning hymn that awakens Lord Veṅkaṭeśa, beginning 'kausalyā suprajā rāma', in the Vasantatilakā metre.
stotras/vishnu/brahmapaarastotram	The Brahmapāra Stotram, from the Viṣṇu Purāṇa.
stotras/vishnu/dhanvataristotram	A hymn to Dhanvantari, the divine physician who arose from the churning of the milk-ocean, from the Matsya Purāṇa, in the Anuṣṭubh metre.
stotras/vishnu/lakshminrisimhakarunarasastotram	The Lakṣmī-Nṛsiṁha Karuṇārasa Stotram of Ādi Śaṅkarācārya, in the Vasantatilakā metre, with the refrain 'lakṣmī-nṛsiṁha mama dehi karāvalambam'.
stotras/vishnu/lakshminrisimhapancharatnam	The Lakṣmī-Nṛsiṁha Pañcaratnam of Ādi Śaṅkarācārya — five verses on turning the mind towards Lakṣmī-Nṛsiṁha.
stotras/vishnu/pandurangashtakam	The Pāṇḍuraṅgāṣṭakam of Ādi Śaṅkarācārya, in the Bhujaṅgaprayāta metre, on Viṭhṭhala of Paṇḍharpur standing on the brick by the Bhīmā river.
stotras/vishnu/ranganathashtakam	The Raṅganāthāṣṭakam, attributed to Ādi Śaṅkarācārya, on Lord Raṅganātha of Śrīraṅgam.
stotras/vishnu/sankashtanashanastotram	The Saṅkaṣṭanāśana Stotram — a prayer to Viṣṇu to remove difficulties.
stotras/vishnu/vishnubhujangaprayatastotram	The Viṣṇu Bhujaṅgaprayāta Stotram of Ādi Śaṅkarācārya, in the Bhujaṅgaprayāta metre.
stotras/vishnu/vishnuvijayastotram	The Viṣṇu Vijaya Stotram — a hymn in praise of Viṣṇu.
gita/00dhyanam	The Gītā-dhyānam — the meditation verses traditionally chanted before the Bhagavad Gītā. They salute the Gītā as the mother who showers the nectar of non-duality, Vyāsa the compiler, and Kṛṣṇa the teacher; picture the Upaniṣads as cows milked by the cowherd for Arjuna the calf; and describe the Kurukṣetra war as a river crossed with Keśava as the ferryman.
gita/chapter01	Chapter 1 of the Bhagavad Gītā, Arjuna-viṣāda-yoga (the Yoga of Arjuna's Despondency). On the field of Kurukṣetra, Sañjaya describes to the blind king Dhṛtarāṣṭra the two armies arrayed for battle and the blowing of the conches. Arjuna asks Kṛṣṇa to draw his chariot between the armies, sees his teachers, kinsmen and friends on both sides, and overcome by grief and confusion, lays down his bow, refusing to fight.
gita/chapter02	Chapter 2 of the Bhagavad Gītā, Sāṅkhya-yoga (the Yoga of Knowledge). Arjuna surrenders to Kṛṣṇa as a disciple, and the teaching begins: the Self is never born and never dies, and is not slain when the body is slain; one's own duty (svadharma) is to be done; action is to be performed without attachment to its fruits (karmaṇy evādhikāras te). The chapter closes with the portrait of the sthita-prajña, the person of steady wisdom.
gita/chapter03	Chapter 3 of the Bhagavad Gītā, Karma-yoga (the Yoga of Action). No one can remain without acting even for a moment; so act, but as an offering (yajña), without selfish attachment. Kṛṣṇa explains the cycle of sacrifice that sustains the world, the example the wise must set for others (loka-saṅgraha), that one's own duty imperfectly done is better than another's done well, and that desire born of rajas is the enemy to be conquered.
gita/chapter04	Chapter 4 of the Bhagavad Gītā, Jñāna-karma-sannyāsa-yoga (the Yoga of Knowledge and the Renunciation of Action). Kṛṣṇa reveals that this yoga was taught of old to Vivasvān, and that He takes birth age after age to protect the good and establish dharma (yadā yadā hi dharmasya). He teaches seeing inaction in action, describes the many forms of sacrifice, and declares knowledge the supreme purifier, to be gained by reverence, inquiry and service to the wise.
gita/chapter05	Chapter 5 of the Bhagavad Gītā, Karma-sannyāsa-yoga (the Yoga of Renunciation). Arjuna asks which is better, renouncing action or performing it. Kṛṣṇa answers that both lead to the highest, but action without attachment is superior: the yogī works like a lotus leaf untouched by water, sees the same Self in a learned brāhmaṇa, a cow, an elephant, a dog and an outcaste, and finds the peace of Brahman within.
gita/chapter06	Chapter 6 of the Bhagavad Gītā, Ātma-saṁyama-yoga (the Yoga of Meditation). Lift yourself by yourself — the mind is both friend and enemy. Kṛṣṇa describes the practice of meditation: the seat, the posture, moderation in food and sleep, the mind steady as a lamp in a windless place. To Arjuna's doubt that the restless mind cannot be held, He answers: by practice and dispassion; and no one who does good ever comes to grief, even if the effort is left unfinished.
gita/chapter07	Chapter 7 of the Bhagavad Gītā, Jñāna-vijñāna-yoga (the Yoga of Knowledge and Realisation). Kṛṣṇa describes His lower nature (the eight elements of matter) and His higher nature (the life that sustains the world): all this is strung on Him like pearls on a thread. Four kinds of people worship Him — the distressed, the seeker of knowledge, the seeker of wealth, and the wise; the wise one, who after many births knows that Vāsudeva is all, is very rare.
gita/chapter08	Chapter 8 of the Bhagavad Gītā, Akṣara-brahma-yoga (the Yoga of the Imperishable Brahman). Arjuna asks what Brahman, adhyātma, karma, adhibhūta and adhidaiva are. Kṛṣṇa explains them and teaches that whatever one remembers at the moment of death, to that one goes — so remember Him at all times and fight. He describes the cycles of the days and nights of Brahmā, and the two paths by which souls depart.
gita/chapter09	Chapter 9 of the Bhagavad Gītā, Rāja-vidyā-rāja-guhya-yoga (the Yoga of the Royal Knowledge and Royal Secret). The whole universe is pervaded by Kṛṣṇa's unmanifest form, yet He stands apart. Whatever is offered with love — a leaf, a flower, a fruit, water (patraṁ puṣpaṁ phalaṁ toyam) — He accepts; whoever worships Him with undivided devotion, He carries their burden. Even the gravest sinner who turns to Him is soon righteous: 'My devotee never perishes.'
gita/chapter10	Chapter 10 of the Bhagavad Gītā, Vibhūti-yoga (the Yoga of Divine Manifestations). Kṛṣṇa declares Himself the source of all, and Arjuna praises Him as the Supreme Brahman and asks to hear His glories. Kṛṣṇa lists His chief manifestations — among the Ādityas Viṣṇu, among lights the sun, among rivers the Gaṅgā, among the Pāṇḍavas Arjuna — and concludes that whatever is glorious, beautiful or mighty springs from a spark of His splendour.
gita/chapter11	Chapter 11 of the Bhagavad Gītā, Viśvarūpa-darśana-yoga (the Vision of the Cosmic Form). Granted divine sight, Arjuna beholds Kṛṣṇa's universal form — countless faces, eyes and arms, the radiance of a thousand suns — and sees the warriors of both armies rushing into His mouths. 'I am Time, the destroyer of worlds': Arjuna is to be merely the instrument. Terrified and awed, Arjuna praises Him and begs to see again the gentle four-armed and human form. Much of this chapter is in the Triṣṭubh metre.
gita/chapter12	Chapter 12 of the Bhagavad Gītā, Bhakti-yoga (the Yoga of Devotion). Arjuna asks who is better — those who worship the personal Lord or the unmanifest Imperishable. Kṛṣṇa answers that both reach Him, but the path of the unmanifest is harder for the embodied; He gives a ladder of practice for those who cannot fix their mind on Him at once, and closes with the beloved qualities of His devotee — without hatred, friendly and compassionate, the same in honour and dishonour.
gita/chapter13	Chapter 13 of the Bhagavad Gītā, Kṣetra-kṣetrajña-vibhāga-yoga (the Field and the Knower of the Field). The body is the field, and He who knows it is the knower of the field — and Kṛṣṇa is the knower in all fields. He lists the virtues that constitute knowledge, describes the Brahman that is to be known, and explains prakṛti and puruṣa: whoever sees the Lord dwelling equally in all beings, imperishable among the perishing, truly sees.
gita/chapter14	Chapter 14 of the Bhagavad Gītā, Guṇa-traya-vibhāga-yoga (the Three Guṇas). Kṛṣṇa explains how the three qualities of nature — sattva, rajas and tamas — bind the embodied soul: sattva by attachment to happiness and knowledge, rajas by attachment to action, tamas by delusion and sloth. Asked about the one who has transcended them, He describes the guṇātīta — equal in pleasure and pain, praise and blame — who serves Him with unwavering devotion.
gita/chapter15	Chapter 15 of the Bhagavad Gītā, Puruṣottama-yoga (the Supreme Person). The world is an eternal aśvattha tree with roots above and branches below, to be cut down with the axe of detachment. Kṛṣṇa is the light of the sun and moon, the digestive fire in all beings, seated in every heart; beyond the perishable and the imperishable, He is the Supreme Person, the Puruṣottama. This short chapter is traditionally recited before meals.
gita/chapter16	Chapter 16 of the Bhagavad Gītā, Daivāsura-sampad-vibhāga-yoga (the Divine and Demoniac Natures). Kṛṣṇa lists the divine qualities that lead to liberation — fearlessness, purity, charity, self-control, non-violence, truthfulness, compassion — and the demoniac ones that lead to bondage — hypocrisy, arrogance, anger and harshness. Lust, anger and greed are the three gates of hell; so let the scripture be your authority in deciding what to do.
gita/chapter17	Chapter 17 of the Bhagavad Gītā, Śraddhā-traya-vibhāga-yoga (the Three Kinds of Faith). Faith takes the form of one's nature: sāttvika, rājasa or tāmasa. Kṛṣṇa describes the three kinds of food, sacrifice, austerity (of body, speech and mind) and charity, and ends with the meaning of 'Om Tat Sat', the threefold designation of Brahman.
gita/chapter18	Chapter 18 of the Bhagavad Gītā, Mokṣa-sannyāsa-yoga (Liberation through Renunciation). Kṛṣṇa distinguishes renunciation (sannyāsa) from relinquishment (tyāga), analyses knowledge, action, doer, intellect, resolve and happiness by the three guṇas, and teaches that one attains perfection by worshipping Him through one's own duty. Then the final word: 'Abandon all dharmas and take refuge in Me alone; I will free you from all sins — do not grieve.' Arjuna's delusion is gone, and Sañjaya closes: where Kṛṣṇa and Arjuna are, there are fortune, victory and justice.
gita/19mahatmyam	Seven verses on the greatness of the Gītā, traditionally chanted after the text: whoever reads this holy scripture with care attains the abode of Viṣṇu; a single bath in the waters of the Gītā washes away the dirt of saṁsāra; all the Upaniṣads are cows, the son of Nanda the milker, Arjuna the calf, and the Gītā the nectar-milk; one scripture, the song of Devakī's son; one God, Devakī's son; one mantra, His names; one duty, His service.
gita/20varahamahatmyam	The Gītā-māhātmyam of the Varāha Purāṇa. After verses of meditation on Varāha, the boar incarnation who raised the earth on his tusk, the goddess Earth (Dharā) asks Lord Viṣṇu how unwavering devotion can arise in one still bound by prārabdha karma. Viṣṇu answers with the glories of the Gītā: its student is liberated and happy, untouched by sin like a lotus leaf by water; wherever the Gītā is read, all holy places are present; 'the Gītā is My supreme abode; relying on its knowledge I sustain the three worlds'; and He describes the merit of reciting the whole, half, a chapter, or even a single verse.
gita/21gitarthasangraha	The Gītārtha-saṅgraha of Śrī Yāmunācārya (Āḷavandār), the great Śrīvaiṣṇava teacher: 32 verses summarising the meaning of the Bhagavad Gītā. It describes the Gītā's aim as Nārāyaṇa, attainable only through devotion arising from one's duty, knowledge and detachment; treats the three hexads of chapters (karma and jñāna yoga, bhakti yoga, and their synthesis); and gives the purport of each of the eighteen chapters in turn, ending with the four kinds of devotees and the glory of the jñānī.
gita-padma/mahatmyam01	The Gītā-māhātmyam of the Padma Purāṇa (Uttara-khaṇḍa, adhyāya 175) tells, for each chapter of the Bhagavad Gītā, a story of the power of reciting it. This is the story of the first chapter. Śiva tells Pārvatī how Viṣṇu Himself meditates on the Gītā, and narrates the story of Suśarman, a dissolute brāhmaṇa who died of a snakebite, passed through many hells, and was reborn as a bull, toiling for years under a cruel master. When the bull collapsed in the street, a courtesan gave him whatever merit she had, and he was freed and reborn a brāhmaṇa who remembered his past. Seeking her out, he learned the source of her merit: her pet parrot recited the first chapter of the Gītā every day. The parrot then told its own story — once a proud, envious scholar, reborn as a bird, it had learned the first chapter from sages in a hermitage before being caught by a fowler. Even one chapter, heard or recited, frees one from saṁsāra. (English translation: https://www.wisdomlib.org/hinduism/book/the-bhagavad-gita-mahatmya/d/doc365756.html)
gita-padma/mahatmyam02	The Gītā-māhātmyam of the Padma Purāṇa (Uttara-khaṇḍa, adhyāya 176) tells, for each chapter of the Bhagavad Gītā, a story of the power of reciting it. This is the story of the second chapter. Kṛṣṇa tells Lakṣmī of Devaśarman, a learned and wealthy brāhmaṇa of Purandara who longed for liberation. A sage sent him to Mitravān, a goatherd of Saupura, whose forest home was so peaceful that tigers and goats lived side by side. Mitravān told him how a devoted worshipper of a Śivaliṅga in the forest had been given the second chapter of the Gītā, inscribed on a stone slab, by a visiting sage; wherever it was recited, enmity ceased — and that same chapter was the source of the peace of his own grove. Devaśarman returned home, learned the chapter properly, recited it daily, and reached the highest state. (English translation: https://www.wisdomlib.org/hinduism/book/the-bhagavad-gita-mahatmya/d/doc365755.html)
gita-padma/mahatmyam03	The Gītā-māhātmyam of the Padma Purāṇa (Uttara-khaṇḍa, adhyāya 177) tells, for each chapter of the Bhagavad Gītā, a story of the power of reciting it. This is the story of the third chapter. The story of Jaḍa, a brāhmaṇa of Janasthāna who abandoned his duties for gambling, drink, hunting and adultery, and, when his wealth ran out, turned to theft. Killed by robbers on the road, he became a fierce, starving ghost. His devout son, travelling to Vārāṇasī to perform his father's rites, stopped at the very tree where Jaḍa had died and recited the third chapter of the Gītā. At once Jaḍa appeared in the sky, radiant, in a celestial chariot. He asked his son to recite the chapter for his brother and ancestors suffering in hell; the son did so, Viṣṇu's messengers ordered Yama to release them, and in time the son too reached Vaikuṇṭha. (English translation: https://www.wisdomlib.org/hinduism/book/the-bhagavad-gita-mahatmya/d/doc365757.html)
gita-padma/mahatmyam04	The Gītā-māhātmyam of the Padma Purāṇa (Uttara-khaṇḍa, adhyāya 178) tells, for each chapter of the Bhagavad Gītā, a story of the power of reciting it. This is the story of the fourth chapter. The Lord tells Lakṣmī of Bharata, an ascetic of Vārāṇasī devoted to the fourth chapter of the Gītā. Two apsarases sent by Indra had once danced to disturb the penance of the sage Satyatapas on the Godāvarī; he cursed them to become badarī (jujube) trees, with release promised when Bharata, who remembered the fourth chapter, came to them. Bharata rested between the two trees while on pilgrimage, and they were freed — reborn as girls who remembered their past. They later found him again, thanked him for freeing them both from the curse and from worldly existence, took up the fourth chapter themselves, and attained the highest state. (English translation: https://www.wisdomlib.org/hinduism/book/the-bhagavad-gita-mahatmya/d/doc365758.html)
gita-padma/mahatmyam05	The Gītā-māhātmyam of the Padma Purāṇa (Uttara-khaṇḍa, adhyāya 179) tells, for each chapter of the Bhagavad Gītā, a story of the power of reciting it. This is the story of the fifth chapter. The story of Piṅgala, a brāhmaṇa of the Bhadra country who gave up Vedic study for music and dance, became a favourite at court, seduced other men's wives and slandered the good; and of his wife Aruṇā, who killed him and hid his body. He was reborn a vulture and she a female parrot, and they tormented each other until both died — the parrot drowning in water held in a human skull. Brought before Yama, they asked why they were bound for heaven despite their deeds. Yama explained: the skull belonged to a brāhmaṇa named Baṭu who had lived on the banks of the Gaṅgā reciting the fifth chapter of the Gītā daily; touching his remains had purified them. They rose in a celestial chariot to Viṣṇu's abode. (English translation: https://www.wisdomlib.org/hinduism/book/the-bhagavad-gita-mahatmya/d/doc365759.html)
gita-padma/mahatmyam06	The Gītā-māhātmyam of the Padma Purāṇa (Uttara-khaṇḍa, adhyāya 180) tells, for each chapter of the Bhagavad Gītā, a story of the power of reciting it. This is the story of the sixth chapter. Divine swans flying over Pratiṣṭhāna on the Godāvarī praise King Jñānaśruti's glory, but say that the sage Raikya shines brighter still. The king sends his charioteer across the holy places of India — Vārāṇasī, Gayā, Kedāra, Dvārakā and more — until he finds Raikya in Kashmir, sitting under a cart, scratching himself. Jñānaśruti comes with a cart, mules, a necklace and a thousand cows; Raikya angrily sends him away as a 'śūdra'. Humbled, the king falls at his feet and asks the secret of his radiance. Raikya replies: 'I recite the sixth chapter of the Gītā every day.' Learning it, the king was freed, and even the gods who watched were amazed. (The story echoes that of Raikva and Jānaśruti in the Chāndogya Upaniṣad.) (English translation: https://www.wisdomlib.org/hinduism/book/the-bhagavad-gita-mahatmya/d/doc365760.html)
gita-padma/mahatmyam07	The Gītā-māhātmyam of the Padma Purāṇa (Uttara-khaṇḍa, adhyāya 181) tells, for each chapter of the Bhagavad Gītā, a story of the power of reciting it. This is the story of the seventh chapter. The story of Śaṅkukarṇa, a brāhmaṇa of Pāṭaliputra who lived by trade, amassed wealth, and neglected dharma. Killed by a snakebite during a family celebration, he was reborn as a serpent guarding his buried treasure. He appeared in his sons' dreams; one longed for his release, another only for the treasure. When the greedy son came to dig up the anthill, the serpent spoke and told him that only the seventh chapter of the Gītā could free him: at his śrāddha they must feed a brāhmaṇa who recites it. The sons did so; Śaṅkukarṇa cast off the serpent form, took a divine body, and gave them the treasure, which they spent on charitable works; reciting the seventh chapter, they too were liberated. (English translation: https://www.wisdomlib.org/hinduism/book/the-bhagavad-gita-mahatmya/d/doc365761.html)
gita-padma/mahatmyam08	The Gītā-māhātmyam of the Padma Purāṇa (Uttara-khaṇḍa, adhyāya 182) tells, for each chapter of the Bhagavad Gītā, a story of the power of reciting it. This is the story of the eighth chapter. Śiva tells Pārvatī of Bhāvaśarman, a sinful brāhmaṇa of Āmardaka in the south, who was reborn as a palmyra (tāla) tree. Under it dwelt two brahma-rākṣasas — once the brāhmaṇa couple Kuśībala and Kumati, who had accepted rich gifts but never given. Tormented by hunger, the wife asked how they could be released; her husband said: by knowledge of Brahman, of adhyātma and of karma. She asked, 'What is that Brahman? What is adhyātma? What is karma?' — the first half-verse of the eighth chapter of the Gītā. Hearing it, both were freed and rose to heaven, and the tree became a brāhmaṇa again. He went to Vārāṇasī and did penance reciting that half-verse; pleased, Viṣṇu granted boons, and Bhāvaśarman and his whole line reached the highest state. (English translation: https://www.wisdomlib.org/hinduism/book/the-bhagavad-gita-mahatmya/d/doc365762.html)
gita-padma/mahatmyam09	The Gītā-māhātmyam of the Padma Purāṇa (Uttara-khaṇḍa, adhyāya 183) tells, for each chapter of the Bhagavad Gītā, a story of the power of reciting it. This is the story of the ninth chapter. In Māhiṣmatī on the Narmadā, the brāhmaṇa Mādhava is about to sacrifice a goat when it laughs and speaks, telling him it was once a brāhmaṇa who sacrificed a goat for his wife's sake, and was reborn as an animal many times over. It then tells a story: at Kurukṣetra during a solar eclipse, King Candraśarman gave a great gift, the Kālapuruṣa, to a brāhmaṇa. Out of it sprang Sin and Censure as a fearsome cāṇḍāla couple — but the brāhmaṇa silently recited the ninth chapter of the Gītā and Viṣṇu's attendants drove them away. The brāhmaṇa taught the king the ninth chapter, and both attained the highest joy. (English translation: https://www.wisdomlib.org/hinduism/book/the-bhagavad-gita-mahatmya/d/doc365763.html)
gita-padma/mahatmyam10	The Gītā-māhātmyam of the Padma Purāṇa (Uttara-khaṇḍa, adhyāya 184) tells, for each chapter of the Bhagavad Gītā, a story of the power of reciting it. This is the story of the tenth chapter. Asked about the tenth chapter, Śiva speaks of Dhīradhī, a brāhmaṇa of Kāśī so dear to Him that Śiva guards him Himself. The reason: a dark swan once fell from the sky in the Punnāga forest, having flown over a lotus without respect. The lotus was an apsaras, Padmavatī, living under a curse; in a past life a devoted wife, she had been freed from an animal birth by hearing the tenth chapter of the Gītā, and she still recited it. She taught it to the swan, who had once been Sutapas, a student who broke his vows. By the power of the tenth chapter the swan was reborn as Dhīradhī, a knower who sees the Lord's glory in every being. (English translation: https://www.wisdomlib.org/hinduism/book/the-bhagavad-gita-mahatmya/d/doc365764.html)
gita-padma/mahatmyam11	The Gītā-māhātmyam of the Padma Purāṇa (Uttara-khaṇḍa, adhyāya 185) tells, for each chapter of the Bhagavad Gītā, a story of the power of reciting it. This is the story of the eleventh chapter. Śiva tells of Sunanda, a brāhmaṇa of Meghaṅkara who constantly recited the eleventh chapter, the Vision of the Cosmic Form. On pilgrimage to the Godāvarī he lodged at Vivāhamaṇḍapa, where a rākṣasa devoured travellers each night — but it always spared him. The village head learned the demon's story: once a farmer who had watched a traveller killed without helping, it was cursed by a sage to be a rākṣasa until sprinkled with water sanctified by one who knows the eleventh chapter. Sunanda recited the chapter and sprinkled the water; the demon and all the travellers it had eaten — including the village head's own son — took four-armed divine forms and rose to Vaikuṇṭha. The village head learned the chapter, and both he and Sunanda reached the highest state. (English translation: https://www.wisdomlib.org/hinduism/book/the-bhagavad-gita-mahatmya/d/doc365767.html)
gita-padma/mahatmyam12	The Gītā-māhātmyam of the Padma Purāṇa (Uttara-khaṇḍa, adhyāya 186) tells, for each chapter of the Bhagavad Gītā, a story of the power of reciting it. This is the story of the twelfth chapter. In Kolhāpura, sacred to Mahālakṣmī, a young prince prays to the Goddess: his father, King Bṛhadratha, died in the middle of a horse-sacrifice, and the sacrificial horse has been stolen. The Goddess sends him to the brāhmaṇa Siddhasamādhi at her gate. With his power the sage summons the gods, who bring back the horse; then, sprinkling consecrated water, he brings the king himself back to life. Asked the source of such power, Siddhasamādhi says: 'I recite the twelfth chapter of the Gītā.' The king and the brāhmaṇas learned it from him and attained the highest goal. (English translation: https://www.wisdomlib.org/hinduism/book/the-bhagavad-gita-mahatmya/d/doc365768.html)
gita-padma/mahatmyam13	The Gītā-māhātmyam of the Padma Purāṇa (Uttara-khaṇḍa, adhyāya 187) tells, for each chapter of the Bhagavad Gītā, a story of the power of reciting it. This is the story of the thirteenth chapter. In Harihara on the Tuṅgabhadrā lived the learned brāhmaṇa Hari Dīkṣita and his wife Durācārā ('of evil conduct'), who lived up to her name. One spring night she went into the forest to meet a lover and met a tiger instead — himself a greedy, deceitful priest reborn as a beast who ate only sinners. It devoured her; she suffered long in hell and was reborn a cāṇḍāla woman. Later she heard a brāhmaṇa named Vāsudeva reciting the thirteenth chapter of the Gītā; merely hearing it, she cast off her body, took a divine form, and rose to heaven. (English translation: https://www.wisdomlib.org/hinduism/book/the-bhagavad-gita-mahatmya/d/doc365769.html)
gita-padma/mahatmyam14	The Gītā-māhātmyam of the Padma Purāṇa (Uttara-khaṇḍa, adhyāya 188) tells, for each chapter of the Bhagavad Gītā, a story of the power of reciting it. This is the story of the fourteenth chapter. In Siṁhala-dvīpa (Sri Lanka), King Vikramavetāla goes hunting and wagers that his hound will catch a hare. The wounded hare escapes into a hermitage where the sage Vatsa recites the fourteenth chapter of the Gītā, falls into the mud made by the water that washed his feet, and at once rises to heaven; the hound, splashed by the same mud, follows in a celestial form. Vatsa's disciple Svakandhara explains to the astonished king: in a past life the hare was a brāhmaṇa, Keśava, who killed his faithless wife Vilobhanā, and the hound was that wife — their enmity followed them into these births. The king took up the Gītā and attained the highest state. (English translation: https://www.wisdomlib.org/hinduism/book/the-bhagavad-gita-mahatmya/d/doc365770.html)
gita-padma/mahatmyam15	The Gītā-māhātmyam of the Padma Purāṇa (Uttara-khaṇḍa, adhyāya 189) tells, for each chapter of the Bhagavad Gītā, a story of the power of reciting it. This is the story of the fifteenth chapter. In the Gauḍa country ruled King Narasiṁha. His commander Śarabha-bheruṇḍa plotted to kill him and his sons and seize the throne, but died of cholera first, and was reborn a fine horse in the Sindhu country. A merchant brought the horse to the king, who came to love it. Out hunting one day, the king dismounted to look for water and found half a verse of the fifteenth chapter of the Gītā written on a rock; as he read it aloud, the horse heard it, fell, and was released. A hermit explained what had happened; the king crowned his son and, with his ministers, attained liberation. (English translation: https://www.wisdomlib.org/hinduism/book/the-bhagavad-gita-mahatmya/d/doc365771.html)
gita-padma/mahatmyam16	The Gītā-māhātmyam of the Padma Purāṇa (Uttara-khaṇḍa, adhyāya 190) tells, for each chapter of the Bhagavad Gītā, a story of the power of reciting it. This is the story of the sixteenth chapter. In Saurāṣṭra in the Gurjara country, King Khaḍgabāhu owned a mighty elephant, Arimardana, which one night broke its chains and rampaged through the city while everyone fled. A brāhmaṇa calmly walked up to it and touched it, unharmed. Asked how, he said he recited verses of the sixteenth chapter of the Gītā daily. The king honoured him, learned the verses himself, and — trusting in them — faced the maddened elephant and came through unharmed. He crowned his son and reached the highest state. (English translation: https://www.wisdomlib.org/hinduism/book/the-bhagavad-gita-mahatmya/d/doc365772.html)
gita-padma/mahatmyam17	The Gītā-māhātmyam of the Padma Purāṇa (Uttara-khaṇḍa, adhyāya 191) tells, for each chapter of the Bhagavad Gītā, a story of the power of reciting it. This is the story of the seventeenth chapter. Duḥśāsana, an arrogant man, bet some princes about riding an elephant, provoked the animal, and was killed by it; he was reborn as an elephant himself. The king of Siṁhala sent that elephant as a gift to King Khaḍgabāhu, who gave it to a poet, who sold it to the king of Mālava. In its old age, sick with fever, the elephant spoke to the king and asked not for medicine but for a brāhmaṇa to recite the seventeenth chapter of the Gītā and sprinkle it with the sanctified water. The king did so; the elephant cast off its body and rose in a celestial chariot, telling its whole story. The king of Mālava took up the seventeenth chapter and attained the highest state. (English translation: https://www.wisdomlib.org/hinduism/book/the-bhagavad-gita-mahatmya/d/doc365773.html)
gita-padma/mahatmyam18	The Gītā-māhātmyam of the Padma Purāṇa (Uttara-khaṇḍa, adhyāya 192) tells, for each chapter of the Bhagavad Gītā, a story of the power of reciting it. This is the story of the eighteenth chapter. The last chapter tells how Indra was suddenly displaced in Amarāvatī by a newcomer who had performed none of the hundred sacrifices. The deposed Indra went to Viṣṇu on the Ocean of Milk, who explained: the new king of the gods had daily recited five verses of the eighteenth chapter of the Gītā, and that merit outweighed all sacrifices. Indra took the form of a brāhmaṇa, went to Kālikāgrāma on the Godāvarī, learned the eighteenth chapter from a brāhmaṇa there, and by reciting it attained union with Viṣṇu — preferring that to the throne of heaven. The chapter closes the māhātmya: the eighteenth chapter gives the fruit of all sacrifices and absorption in Viṣṇu. (English translation: https://www.wisdomlib.org/hinduism/book/the-bhagavad-gita-mahatmya/d/doc365774.html)
