id	key	meter	detected	declared	flag	dur_s	text
shakti_durgachandrakalastuti_v001	5457e16f3d973a5e	anushtubh	anushtubh			10.15	वेधोहरीश्वरस्तुत्यां विहर्त्रीं विन्ध्यभूधरे | हरप्राणेश्वरीं वन्दे हन्त्रीं विबुधविद्विषाम्
shakti_durgachandrakalastuti_v002	27a17494d4a92d81	vasantatilaka	vasantatilaka			14.75	अभ्यर्थनेन सरसीरुहसम्भवस्य त्यक्त्वोदिता भगवदक्षिपिधानलीलाम् | विश्वेश्वरी विपदपाकरणे पुरस्तात् माता ममास्तु मधुकैटभयोर्निहन्त्री
shakti_durgachandrakalastuti_v003	89c06d7704cc3f9e	vasantatilaka	vasantatilaka			14.57	प्राङ्निर्जरेषु निहितैर्निजशक्तिलेशैः एकीभवद्भिरुदिताऽखिललोकगुप्त्यै | सम्पन्नशस्त्रनिकरा च तदायुधस्थैः माता ममास्तु महिषान्तकरी पुरस्तात्
shakti_durgachandrakalastuti_v004	39c7ae8ce74c0aae	vasantatilaka	vasantatilaka			14.13	प्रालेयशैलतनयातनुकान्तिसम्पत् कोशोदिता कुवलयच्छविचारुदेहा | नारायणी नमदभीप्सितकल्पवल्ली सुप्रीतिमावहतु शुम्भनिशुम्भहन्त्री
shakti_durgachandrakalastuti_v005	a3aebc6e63604a0a	vasantatilaka	vasantatilaka			14.51	विश्वेश्वरीति महिषान्तकरीति यस्याः नारायणीत्यपि च नामभिरङ्कितानि | सूक्तानि पङ्कजभुवा च सुरर्षिभिश्च दृष्टानि पावकमुखैश्च शिवां भजे ताम्
shakti_durgachandrakalastuti_v006	6c5980bd6d37af7e	vasantatilaka	vasantatilaka			14.17	उत्पत्तिदैत्यहननस्तवनात्मकानि संरक्षकाण्यखिलभूतहिताय यस्याः | सूक्तान्यशेषनिगमान्तविदः पठन्ति तां विश्वमातरमजस्रमभिष्टवीमि
shakti_durgachandrakalastuti_v007	df5521b063329b0d	vasantatilaka	vasantatilaka			14.82	ये वैप्रचित्तपुनरुत्थितशुम्भमुख्यैः दुर्भिक्षघोरसमयेन च कारितासु | आविष्कृतास्त्रिजगदार्तिषु रूपभेदाः तैरम्बिका समभिरक्षतु मां विपद्भ्यः
shakti_durgachandrakalastuti_v008	71ef64cfb81aa0b7	vasantatilaka	vasantatilaka			14.55	सूक्तं यदीयमरविन्दभवादिदृष्टम् आवर्त्य देव्यनुपदं सुरथः समाधिः | द्वावप्यवापतुरभीष्टमनन्यलभ्यं तामादिदेवतरुणीं प्रणमामि मूर्ध्ना
shakti_durgachandrakalastuti_v009	6dc0c6dd432d9c81	vasantatilaka	vasantatilaka			14.88	माहिष्मतीतनुभवं च रुरुं च हन्तुम् आविष्कृतैर्निजरसादवतारभेदैः | अष्टादशाहतनवाहतकोटिसङ्ख्यैः अम्बा सदा समभिरक्षतु मां विपद्भ्यः
shakti_durgachandrakalastuti_v010	f8569b8fb7d45f90	vasantatilaka	vasantatilaka			14.53	एतच्चरित्रमखिलं लिखितं हि यस्याः सम्पूजितं सदन एव निवेशितं वा | दुर्गं च तारयति दुस्तरमप्यशेषं श्रेयः प्रयच्छति च सर्वमुमां भजे ताम्
shakti_durgachandrakalastuti_v011	bb300d76b4d44eb7	vasantatilaka	vasantatilaka			14.13	यत्पूजनस्तुतिनमस्कृतिभिर्भवन्ति प्रीताः पितामहरमेशहरास्त्रयोऽपि | तेषामपि स्वकगुणैर्ददती वपूंषि तामीश्वरस्य तरुणीं शरणं प्रपद्ये
shakti_durgachandrakalastuti_v012	4b4ca518090e844a	vasantatilaka	vasantatilaka			13.91	कान्तारमध्यदृढलग्नतयाऽवसन्नाः मग्नाश्च वारिधिजले रिपुभिश्च रुद्धाः | यस्याः प्रपद्य चरणौ विपदस्तरन्ति सा मे सदाऽस्तु हृदि सर्वजगत्सवित्री
shakti_durgachandrakalastuti_v013	44c391e3bbedab7f	vasantatilaka	vasantatilaka			14.35	बन्धे वधे महति मृत्युभये प्रसक्ते वित्तक्षये च विविधे य महोपतापे | यत्पादपूजनमिह प्रतिकारमाहुः सा मे समस्तजननी शरणं भवानी
shakti_durgachandrakalastuti_v014	5bd8a5ff5f619717	vasantatilaka	vasantatilaka			14.51	बाणासुरप्रहितपन्नगबन्धमोक्षः तद् बाहुदर्पदलनादुषया च योगः | प्राद्युम्निना द्रुतमलभ्यत यत्प्रसादात् सा मे शिवा सकलमप्यशुभं क्षिणोतु
shakti_durgachandrakalastuti_v015	c70eedd7e2758518	vasantatilaka	vasantatilaka			14.71	पापः पुलस्त्यतनयः पुनरुत्थितो माम् अद्यापि हर्तुमयमागत इत्युदीतम् | यत्सेवनेन भयमिन्दिरयाऽवधूतं तामादिदेवतरुणीं शरणं गतोऽस्मि
shakti_durgachandrakalastuti_v016	5fe2c550db7f10dc	vasantatilaka	vasantatilaka			14.49	यद् ध्यानजं सुखमवाप्यमनन्तपुण्यैः साक्षात् तमच्युतपरिग्रहमाश्ववापुः | गोपाङ्गनाः किल यदर्चनपुण्यमात्राः सा मे सदा भगवती भवतु प्रसन्ना
shakti_durgachandrakalastuti_v017	26bdeabbae16d8d8	vasantatilaka	vasantatilaka			14.74	रात्रिं प्रपद्य इति मन्त्रविदः प्रपन्नान् उद्बोध्य मृत्यवधिमन्यफलैः प्रलोभ्य | बुद्ध्वा च तद्विमुखतां प्रतनं नयन्तीम् आकाशमादिजननीं जगतां भजे ताम्
shakti_durgachandrakalastuti_v018	fa95777cfe879711	anushtubh	anushtubh			9.31	देशकालेषु दुष्टेषु दुर्गाचन्द्रकलास्तुतिः | सन्ध्ययोरनुसन्धेया सर्वापद्विनिवृत्तये
shakti_durgachandrakalastuti_c01	cf796dff857e6234	gadya			COLOPHON	6.22	इति श्रीमदप्पय्यदीक्षितविरचिता श्रीदुर्गाचन्द्रकलास्तुतिः | सम्पूर्णा
